date,post_url
2026-01-20,https://daily-peanut.tumblr.com/post/806334250039361536
2026-01-21,https://daily-peanut.tumblr.com/post/806361304195579904
2026-01-22,https://daily-peanut.tumblr.com/post/806451827258408960
2026-01-23,https://daily-peanut.tumblr.com/post/806542129375723520
2026-01-24,https://daily-peanut.tumblr.com/post/806632313080430592
2026-01-25,https://daily-peanut.tumblr.com/post/806722895944597504
2026-01-26,https://daily-peanut.tumblr.com/post/806814095870459904
2026-01-27,https://daily-peanut.tumblr.com/post/806904809684959233
2026-01-28,https://daily-peanut.tumblr.com/post/806995457096237056
